{
  "homebrew_version": "2.7.0-19-gfc305cc",
  "used_options": [

  ],
  "unused_options": [

  ],
  "built_as_bottle": true,
  "poured_from_bottle": true,
  "installed_as_dependency": false,
  "installed_on_request": true,
  "changed_files": [
    "lib/pkgconfig/jsoncpp.pc"
  ],
  "time": 1647233051,
  "source_modified_time": 1601086756,
  "stdlib": "libcxx",
  "compiler": "clang",
  "aliases": [

  ],
  "runtime_dependencies": [

  ],
  "source": {
    "spec": "stable",
    "versions": {
      "stable": "1.9.4",
      "head": null,
      "version_scheme": 0
    },
    "path": "/opt/homebrew/Library/Taps/homebrew/homebrew-core/Formula/jsoncpp.rb",
    "tap_git_head": "d161ee37ab972b226ff11068203fe3e9edefdc15",
    "tap": "homebrew/core"
  },
  "arch": "arm64",
  "built_on": {
    "os": "Macintosh",
    "os_version": "macOS 11.1",
    "cpu_family": "arm_vortex_tempest",
    "xcode": "12.3",
    "clt": "12.3.0.0.1.1607026830"
  }
}