{
  "homebrew_version": "3.1.9-8-g6f1398a",
  "used_options": [

  ],
  "unused_options": [

  ],
  "built_as_bottle": true,
  "poured_from_bottle": true,
  "installed_as_dependency": false,
  "installed_on_request": true,
  "changed_files": [
    "lib/cmake/boost_atomic-1.76.0/boost_atomic-config.cmake",
    "lib/cmake/boost_chrono-1.76.0/boost_chrono-config.cmake",
    "lib/cmake/boost_container-1.76.0/boost_container-config.cmake",
    "lib/cmake/boost_context-1.76.0/boost_context-config.cmake",
    "lib/cmake/boost_contract-1.76.0/boost_contract-config.cmake",
    "lib/cmake/boost_coroutine-1.76.0/boost_coroutine-config.cmake",
    "lib/cmake/boost_date_time-1.76.0/boost_date_time-config.cmake",
    "lib/cmake/boost_exception-1.76.0/boost_exception-config.cmake",
    "lib/cmake/boost_fiber-1.76.0/boost_fiber-config.cmake",
    "lib/cmake/boost_fiber_numa-1.76.0/boost_fiber_numa-config.cmake",
    "lib/cmake/boost_filesystem-1.76.0/boost_filesystem-config.cmake",
    "lib/cmake/boost_graph-1.76.0/boost_graph-config.cmake",
    "lib/cmake/boost_graph_parallel-1.76.0/boost_graph_parallel-config.cmake",
    "lib/cmake/boost_headers-1.76.0/boost_headers-config.cmake",
    "lib/cmake/boost_iostreams-1.76.0/boost_iostreams-config.cmake",
    "lib/cmake/boost_json-1.76.0/boost_json-config.cmake",
    "lib/cmake/boost_locale-1.76.0/boost_locale-config.cmake",
    "lib/cmake/boost_log-1.76.0/boost_log-config.cmake",
    "lib/cmake/boost_log_setup-1.76.0/boost_log_setup-config.cmake",
    "lib/cmake/boost_math_c99-1.76.0/boost_math_c99-config.cmake",
    "lib/cmake/boost_math_c99f-1.76.0/boost_math_c99f-config.cmake",
    "lib/cmake/boost_math_c99l-1.76.0/boost_math_c99l-config.cmake",
    "lib/cmake/boost_math_tr1-1.76.0/boost_math_tr1-config.cmake",
    "lib/cmake/boost_math_tr1f-1.76.0/boost_math_tr1f-config.cmake",
    "lib/cmake/boost_math_tr1l-1.76.0/boost_math_tr1l-config.cmake",
    "lib/cmake/boost_nowide-1.76.0/boost_nowide-config.cmake",
    "lib/cmake/boost_prg_exec_monitor-1.76.0/boost_prg_exec_monitor-config.cmake",
    "lib/cmake/boost_program_options-1.76.0/boost_program_options-config.cmake",
    "lib/cmake/boost_random-1.76.0/boost_random-config.cmake",
    "lib/cmake/boost_regex-1.76.0/boost_regex-config.cmake",
    "lib/cmake/boost_serialization-1.76.0/boost_serialization-config.cmake",
    "lib/cmake/boost_stacktrace_addr2line-1.76.0/boost_stacktrace_addr2line-config.cmake",
    "lib/cmake/boost_stacktrace_backtrace-1.76.0/boost_stacktrace_backtrace-config.cmake",
    "lib/cmake/boost_stacktrace_basic-1.76.0/boost_stacktrace_basic-config.cmake",
    "lib/cmake/boost_stacktrace_noop-1.76.0/boost_stacktrace_noop-config.cmake",
    "lib/cmake/boost_stacktrace_windbg-1.76.0/boost_stacktrace_windbg-config.cmake",
    "lib/cmake/boost_stacktrace_windbg_cached-1.76.0/boost_stacktrace_windbg_cached-config.cmake",
    "lib/cmake/boost_system-1.76.0/boost_system-config.cmake",
    "lib/cmake/boost_test_exec_monitor-1.76.0/boost_test_exec_monitor-config.cmake",
    "lib/cmake/boost_thread-1.76.0/boost_thread-config.cmake",
    "lib/cmake/boost_timer-1.76.0/boost_timer-config.cmake",
    "lib/cmake/boost_type_erasure-1.76.0/boost_type_erasure-config.cmake",
    "lib/cmake/boost_unit_test_framework-1.76.0/boost_unit_test_framework-config.cmake",
    "lib/cmake/boost_wave-1.76.0/boost_wave-config.cmake",
    "lib/cmake/boost_wserialization-1.76.0/boost_wserialization-config.cmake"
  ],
  "time": 1647233315,
  "source_modified_time": 1618333033,
  "compiler": "clang",
  "aliases": [
    "boost@1.76"
  ],
  "runtime_dependencies": [
    {
      "full_name": "icu4c",
      "version": "69.1",
      "declared_directly": true
    }
  ],
  "source": {
    "spec": "stable",
    "versions": {
      "stable": "1.76.0",
      "head": null,
      "version_scheme": 0
    },
    "path": "/opt/homebrew/Library/Taps/homebrew/homebrew-core/Formula/boost.rb",
    "tap_git_head": "d161ee37ab972b226ff11068203fe3e9edefdc15",
    "tap": "homebrew/core"
  },
  "arch": "arm64",
  "built_on": {
    "os": "Macintosh",
    "os_version": "macOS 11",
    "cpu_family": "arm_firestorm_icestorm",
    "xcode": "12.5",
    "clt": "12.5.0.22.9",
    "preferred_perl": "5.30"
  }
}